pr,role,note
13945,1A-corpus,corpus.csv;labels_final_68.csv
14405,1A-corpus,candidate_queue_70.csv;labels_final_68.csv;screening_log_70.csv
14655,1A-corpus,candidate_queue_70.csv;labels_final_68.csv;screening_log_70.csv
14667,1A-corpus,corpus.csv;labels_final_68.csv
14670,1A-corpus,candidate_queue_70.csv;labels_final_68.csv;screening_log_70.csv
14730,paper2-reserved,corpus.csv;labels_final_68.csv;screening_log_70.csv;source_validation_targets.csv;Paper2-reserved
14763,1A-corpus,corpus.csv;labels_final_68.csv
14765,1B-evaluation,candidate_queue_70.csv;labels_final_68.csv;screening_log_70.csv;source_validation_targets.csv
14768,1A-corpus,screening_log_70.csv
14778,paper2-reserved,Paper2-reserved
14869,1A-corpus,candidate_queue_70.csv;labels_final_68.csv;screening_log_70.csv
14904,paper2-reserved,Paper2-reserved
14919,paper2-reserved,corpus.csv;labels_final_68.csv;source_validation_targets.csv;Paper2-reserved
14938,1A-corpus,corpus.csv;labels_final_68.csv
14939,paper2-reserved,corpus.csv;labels_final_68.csv;Paper2-reserved
14956,1B-evaluation,candidate_queue_70.csv;labels_final_68.csv;screening_log_70.csv;source_validation_targets.csv
14978,1A-corpus,candidate_queue_70.csv;labels_final_68.csv;screening_log_70.csv
14998,1A-corpus,corpus.csv;labels_final_68.csv
15024,paper2-reserved,candidate_queue_70.csv;labels_final_68.csv;screening_log_70.csv;source_validation_targets.csv;Paper2-reserved
15040,1B-evaluation,candidate_queue_70.csv;labels_final_68.csv;screening_log_70.csv;source_validation_targets.csv
15074,1A-corpus,candidate_queue_70.csv;labels_final_68.csv;screening_log_70.csv
15083,1A-corpus,candidate_queue_70.csv;labels_final_68.csv;screening_log_70.csv
15110,1A-corpus,candidate_queue_70.csv;labels_final_68.csv;screening_log_70.csv
15117,1A-corpus,candidate_queue_70.csv;labels_final_68.csv;screening_log_70.csv
15131,1A-corpus,candidate_queue_70.csv;labels_final_68.csv;screening_log_70.csv
15143,1A-corpus,candidate_queue_70.csv;labels_final_68.csv;screening_log_70.csv
15147,1A-corpus,candidate_queue_70.csv;labels_final_68.csv;screening_log_70.csv
15258,1A-corpus,corpus.csv;labels_final_68.csv
15286,1A-corpus,candidate_queue_70.csv;labels_final_68.csv;screening_log_70.csv
15401,1A-corpus,candidate_queue_70.csv;labels_final_68.csv;screening_log_70.csv
15556,1A-corpus,candidate_queue_70.csv;labels_final_68.csv;screening_log_70.csv
15626,1A-corpus,corpus.csv;labels_final_68.csv;screening_log_70.csv
15683,1B-harvest,Attempted under Protocol 1B-H v2; NOT available to Paper 2
15685,1A-corpus,candidate_queue_70.csv;labels_final_68.csv;screening_log_70.csv
15781,1A-corpus,candidate_queue_70.csv;labels_final_68.csv;screening_log_70.csv
15810,1A-corpus,screening_log_70.csv
15815,1A-corpus,screening_log_70.csv
15875,1A-corpus,corpus.csv;labels_final_68.csv
15933,1A-corpus,candidate_queue_70.csv;labels_final_68.csv;screening_log_70.csv
15943,1A-corpus,corpus.csv;labels_final_68.csv
15967,1A-corpus,candidate_queue_70.csv;labels_final_68.csv;screening_log_70.csv
16004,1A-corpus,candidate_queue_70.csv;labels_final_68.csv;screening_log_70.csv
16023,1A-corpus,candidate_queue_70.csv;labels_final_68.csv;screening_log_70.csv
16054,1A-corpus,candidate_queue_70.csv;labels_final_68.csv;screening_log_70.csv
16075,1A-corpus,candidate_queue_70.csv;labels_final_68.csv;screening_log_70.csv
16082,1A-corpus,batch_002_candidates.csv;batch_002_r1_completed.csv
16151,1A-corpus,candidate_queue_70.csv;labels_final_68.csv;screening_log_70.csv
16153,1A-corpus,candidate_queue_70.csv;labels_final_68.csv;screening_log_70.csv
16154,1A-corpus,candidate_queue_70.csv;labels_final_68.csv;screening_log_70.csv
16163,1A-corpus,candidate_queue_70.csv;labels_final_68.csv;screening_log_70.csv
16201,1B-evaluation,candidate_queue_70.csv;labels_final_68.csv;screening_log_70.csv;source_validation_targets.csv
16215,paper2-reserved,candidate_queue_70.csv;labels_final_68.csv;screening_log_70.csv;source_validation_targets.csv;Paper2-reserved
16237,1B-evaluation,candidate_queue_70.csv;labels_final_68.csv;screening_log_70.csv;source_validation_targets.csv
16246,1A-corpus,candidate_queue_70.csv;labels_final_68.csv;screening_log_70.csv
16249,1A-corpus,candidate_queue_70.csv;labels_final_68.csv;screening_log_70.csv
16275,1A-corpus,screening_log_70.csv
16285,paper2-reserved,corpus.csv;labels_final_68.csv;Paper2-reserved
16308,1A-corpus,screening_log_70.csv
16310,1A-corpus,corpus.csv;labels_final_68.csv;screening_log_70.csv
16336,1B-harvest,Attempted under Protocol 1B-H v2; NOT available to Paper 2
16337,1A-corpus,corpus.csv;labels_final_68.csv;screening_log_70.csv
16392,1A-corpus,candidate_queue_70.csv;labels_final_68.csv;screening_log_70.csv
16402,1B-evaluation,candidate_queue_70.csv;labels_final_68.csv;screening_log_70.csv;source_validation_targets.csv
16409,1A-corpus,candidate_queue_70.csv;labels_final_68.csv;screening_log_70.csv
16428,1A-corpus,corpus.csv;labels_final_68.csv;screening_log_70.csv
16459,1A-corpus,batch_002_candidates.csv;batch_002_r1_completed.csv
16476,1A-corpus,candidate_queue_70.csv;labels_final_68.csv;screening_log_70.csv
16575,1A-corpus,batch_002_candidates.csv;batch_002_r1_completed.csv
16599,1A-corpus,batch_002_candidates.csv;batch_002_r1_completed.csv
16729,1A-corpus,batch_002_candidates.csv;batch_002_r1_completed.csv
16880,1B-harvest,Attempted under Protocol 1B-H v2; NOT available to Paper 2
16892,1A-corpus,batch_002_candidates.csv;batch_002_r1_completed.csv
16920,1B-harvest,Attempted under Protocol 1B-H v2; NOT available to Paper 2
