pr,found_in
8625,batch_002_candidates.csv;batch_002_r1_completed.csv
8830,batch_002_candidates.csv
9117,batch_002_candidates.csv;batch_002_r1_completed.csv
9127,batch_002_candidates.csv;batch_002_r1_completed.csv
9222,batch_002_candidates.csv;batch_002_r1_completed.csv
9223,batch_002_candidates.csv;batch_002_r1_completed.csv
9568,batch_002_candidates.csv;batch_002_r1_completed.csv
9719,batch_002_candidates.csv;batch_002_r1_completed.csv
9786,batch_002_candidates.csv;batch_002_r1_completed.csv
9789,batch_002_candidates.csv;batch_002_r1_completed.csv
9899,batch_002_candidates.csv;batch_002_r1_completed.csv
10395,batch_002_candidates.csv;batch_002_r1_completed.csv
10447,batch_002_candidates.csv;batch_002_r1_completed.csv
10495,batch_002_candidates.csv;batch_002_r1_completed.csv
10631,batch_002_candidates.csv;batch_002_r1_completed.csv
10756,batch_002_candidates.csv;batch_002_r1_completed.csv
10786,batch_002_candidates.csv;batch_002_r1_completed.csv
10834,batch_002_candidates.csv;batch_002_r1_completed.csv
11031,batch_002_candidates.csv;batch_002_r1_completed.csv
11107,batch_002_candidates.csv;batch_002_r1_completed.csv
11211,batch_002_candidates.csv
11351,batch_002_candidates.csv;batch_002_r1_completed.csv
11367,batch_002_candidates.csv;batch_002_r1_completed.csv
11399,Paper2-reserved
11413,batch_002_candidates.csv;batch_002_r1_completed.csv
11653,batch_002_candidates.csv;batch_002_r1_completed.csv
11787,batch_002_candidates.csv;batch_002_r1_completed.csv
11907,batch_002_candidates.csv;batch_002_r1_completed.csv
11959,batch_002_candidates.csv;batch_002_r1_completed.csv
12042,batch_002_candidates.csv;batch_002_r1_completed.csv
12410,batch_002_candidates.csv;batch_002_r1_completed.csv
12750,batch_002_candidates.csv
13094,Paper2-reserved
13133,batch_002_candidates.csv;batch_002_r1_completed.csv
13184,batch_002_candidates.csv;batch_002_r1_completed.csv
13670,corpus.csv;labels_final_68.csv
13790,corpus.csv;labels_final_68.csv
13820,corpus.csv;labels_final_68.csv
13833,corpus.csv;labels_final_68.csv
13874,corpus.csv;labels_final_68.csv
13884,corpus.csv
13910,corpus.csv;labels_final_68.csv
13945,corpus.csv;labels_final_68.csv
14041,corpus.csv;labels_final_68.csv
14120,corpus.csv;Paper2-reserved
14330,candidate_queue_70.csv;labels_final_68.csv;screening_log_70.csv
14331,screening_log_70.csv
14405,candidate_queue_70.csv;labels_final_68.csv;screening_log_70.csv
14597,candidate_queue_70.csv;labels_final_68.csv;screening_log_70.csv
14603,corpus.csv;labels_final_68.csv;source_validation_targets.csv;Paper2-reserved
14606,candidate_queue_70.csv;labels_final_68.csv;screening_log_70.csv
14625,screening_log_70.csv
14655,candidate_queue_70.csv;labels_final_68.csv;screening_log_70.csv
14667,corpus.csv;labels_final_68.csv
14670,candidate_queue_70.csv;labels_final_68.csv;screening_log_70.csv
14730,corpus.csv;labels_final_68.csv;screening_log_70.csv;source_validation_targets.csv;Paper2-reserved
14763,corpus.csv;labels_final_68.csv
14765,candidate_queue_70.csv;labels_final_68.csv;screening_log_70.csv;source_validation_targets.csv
14768,screening_log_70.csv
14778,Paper2-reserved
14869,candidate_queue_70.csv;labels_final_68.csv;screening_log_70.csv
14904,Paper2-reserved
14919,corpus.csv;labels_final_68.csv;source_validation_targets.csv;Paper2-reserved
14938,corpus.csv;labels_final_68.csv
14939,corpus.csv;labels_final_68.csv;Paper2-reserved
14956,candidate_queue_70.csv;labels_final_68.csv;screening_log_70.csv;source_validation_targets.csv
14978,candidate_queue_70.csv;labels_final_68.csv;screening_log_70.csv
14998,corpus.csv;labels_final_68.csv
15024,candidate_queue_70.csv;labels_final_68.csv;screening_log_70.csv;source_validation_targets.csv;Paper2-reserved
15040,candidate_queue_70.csv;labels_final_68.csv;screening_log_70.csv;source_validation_targets.csv
15074,candidate_queue_70.csv;labels_final_68.csv;screening_log_70.csv
15083,candidate_queue_70.csv;labels_final_68.csv;screening_log_70.csv
15110,candidate_queue_70.csv;labels_final_68.csv;screening_log_70.csv
15117,candidate_queue_70.csv;labels_final_68.csv;screening_log_70.csv
15131,candidate_queue_70.csv;labels_final_68.csv;screening_log_70.csv
15137,candidate_queue_70.csv;labels_final_68.csv;screening_log_70.csv
15143,candidate_queue_70.csv;labels_final_68.csv;screening_log_70.csv
15147,candidate_queue_70.csv;labels_final_68.csv;screening_log_70.csv
15258,corpus.csv;labels_final_68.csv
15286,candidate_queue_70.csv;labels_final_68.csv;screening_log_70.csv
15401,candidate_queue_70.csv;labels_final_68.csv;screening_log_70.csv
15556,candidate_queue_70.csv;labels_final_68.csv;screening_log_70.csv
15626,corpus.csv;labels_final_68.csv;screening_log_70.csv
15685,candidate_queue_70.csv;labels_final_68.csv;screening_log_70.csv
15781,candidate_queue_70.csv;labels_final_68.csv;screening_log_70.csv
15810,screening_log_70.csv
15815,screening_log_70.csv
15875,corpus.csv;labels_final_68.csv
15933,candidate_queue_70.csv;labels_final_68.csv;screening_log_70.csv
15943,corpus.csv;labels_final_68.csv
15967,candidate_queue_70.csv;labels_final_68.csv;screening_log_70.csv
16004,candidate_queue_70.csv;labels_final_68.csv;screening_log_70.csv
16023,candidate_queue_70.csv;labels_final_68.csv;screening_log_70.csv
16054,candidate_queue_70.csv;labels_final_68.csv;screening_log_70.csv
16075,candidate_queue_70.csv;labels_final_68.csv;screening_log_70.csv
16082,batch_002_candidates.csv;batch_002_r1_completed.csv
16151,candidate_queue_70.csv;labels_final_68.csv;screening_log_70.csv
16153,candidate_queue_70.csv;labels_final_68.csv;screening_log_70.csv
16154,candidate_queue_70.csv;labels_final_68.csv;screening_log_70.csv
16163,candidate_queue_70.csv;labels_final_68.csv;screening_log_70.csv
16201,candidate_queue_70.csv;labels_final_68.csv;screening_log_70.csv;source_validation_targets.csv
16215,candidate_queue_70.csv;labels_final_68.csv;screening_log_70.csv;source_validation_targets.csv;Paper2-reserved
16237,candidate_queue_70.csv;labels_final_68.csv;screening_log_70.csv;source_validation_targets.csv
16246,candidate_queue_70.csv;labels_final_68.csv;screening_log_70.csv
16249,candidate_queue_70.csv;labels_final_68.csv;screening_log_70.csv
16275,screening_log_70.csv
16285,corpus.csv;labels_final_68.csv;Paper2-reserved
16308,screening_log_70.csv
16310,corpus.csv;labels_final_68.csv;screening_log_70.csv
16337,corpus.csv;labels_final_68.csv;screening_log_70.csv
16341,screening_log_70.csv
16392,candidate_queue_70.csv;labels_final_68.csv;screening_log_70.csv
16395,screening_log_70.csv
16402,candidate_queue_70.csv;labels_final_68.csv;screening_log_70.csv;source_validation_targets.csv
16409,candidate_queue_70.csv;labels_final_68.csv;screening_log_70.csv
16428,corpus.csv;labels_final_68.csv;screening_log_70.csv
16459,batch_002_candidates.csv;batch_002_r1_completed.csv
16476,candidate_queue_70.csv;labels_final_68.csv;screening_log_70.csv
16479,screening_log_70.csv
16575,batch_002_candidates.csv;batch_002_r1_completed.csv
16599,batch_002_candidates.csv;batch_002_r1_completed.csv
16729,batch_002_candidates.csv;batch_002_r1_completed.csv
16892,batch_002_candidates.csv;batch_002_r1_completed.csv
